name,stationID,聚类簇号,站点类型,日均总客流,周末比,早高峰进站占比,晚高峰进站占比,早高峰出站占比
Waihuanlu,112,3,通勤居住站,53152.05076628353,0.629280363901619,0.18806534321408824,0.0351750877531034,0.05643205121081709
Lianhua Road,113,4,综合枢纽站,191739.1733716475,0.7852859115956071,0.14963640701711006,0.05009794018482278,0.06419333574486748
Jinjiang Amusement Park,114,0,就业办公站,83409.7959770115,0.7645256330481313,0.1549537181284662,0.04978384483564207,0.06348892610479037
Hengshan Road,119,2,休闲商圈站,37434.80172413793,0.728646870835065,0.05904823756351985,0.10862123315904947,0.10798725435516793
Xinzha Road,124,3,通勤居住站,50925.041187739465,0.640710778132589,0.06544237717224512,0.10743085516389136,0.12375382209930644
Zhongshan North Road,127,0,就业办公站,76388.51819923372,0.7586974461163362,0.11826268698322268,0.07178003134010734,0.07610896173980741
Yanchang Road,128,0,就业办公站,119239.90421455938,0.704251904273984,0.11343576510411707,0.0645075710671719,0.07865032411990389
Shanghai Circus City,129,0,就业办公站,91258.4396551724,0.5571954950585252,0.09010597745131133,0.11624197714856853,0.1291106676653044
Wenshui Road,130,0,就业办公站,86324.03448275862,0.5230060332623359,0.07667715965195798,0.12834189687800207,0.13798658906614597
Pengpu Xincun,131,0,就业办公站,127605.69157088123,0.7108436386933534,0.16536029146944736,0.039751696943820164,0.05119700996487683
Gongkang Road,132,0,就业办公站,102289.0929118774,0.72864604447732,0.16497324646340553,0.04211636842072691,0.059599764024084075
Tonghe Xincun,133,0,就业办公站,106617.42145593869,0.657592576178447,0.1910836253361069,0.02848070479022631,0.04852789727488874
Hulan Road,134,3,通勤居住站,45663.87164750958,0.5595327448645064,0.16742680468075247,0.05406865102961037,0.08576619159618318
Gongfu Xincun,135,0,就业办公站,86928.87643678162,0.6558997848130755,0.1815702298389667,0.034269124575963886,0.0535111365129174
Bao'an Highway,136,3,通勤居住站,60508.6091954023,0.6633018835434111,0.2082824511413876,0.02419459669264098,0.0409718361346234
West Youyi Road,137,2,休闲商圈站,21515.73754789272,0.6738389538729159,0.1793794788226034,0.03824562320810204,0.05567436145459405
Fujin Road,138,3,通勤居住站,78158.88601532567,0.77260187012625,0.17925514626814423,0.02900042629752594,0.05106830973284282
East Xujing,234,4,综合枢纽站,157959.7614942529,0.7651171033402425,0.1628015098066062,0.04247566328068006,0.05684734194475418
Songhong Road,237,4,综合枢纽站,165303.85249042144,0.4893369421813489,0.11378534158953273,0.11082028324871011,0.12919309631299608
Beixinjing,238,0,就业办公站,79014.95593869733,0.7004161227873894,0.15935178019229942,0.05091698526742189,0.0661221651219598
Weining Road,239,0,就业办公站,85357.92624521072,0.6627426550705271,0.12007627016729268,0.08066319800770255,0.09062832291990074
Loushanguan Road,240,4,综合枢纽站,171061.24329501914,0.6466251475193642,0.08948511894060882,0.1050574072317223,0.11384072162737623
Lujiazui,247,4,综合枢纽站,281057.65134099615,0.5888190450929888,0.03561736364056449,0.15805204056523928,0.15949885670771888
Dongchang Road,248,0,就业办公站,134348.7049808429,0.47184977558758445,0.07688966816259815,0.1271906900375675,0.13146075122849094
Shanghai Science and Technology Museum,250,0,就业办公站,74155.408045977,0.8124004994866076,0.08019898947180594,0.10569460829048093,0.11928294789324327
Century Park,251,3,通勤居住站,61551.40229885058,0.7167201401338247,0.16710172054608172,0.06044287935027108,0.06425324915664334
Zhangjiang Hi-Tech Park,253,0,就业办公站,110767.78065134099,0.3915389582322544,0.07009478315842825,0.1494748873813591,0.16376762239828152
Jinke Road,254,0,就业办公站,150343.6867816092,0.48954777646865627,0.07358441565698859,0.14775552024899666,0.16463621245887133
Guanglan Road,255,0,就业办公站,131542.92911877396,0.5365332462953355,0.1323408157651419,0.10457503133631425,0.111783536239526
Tangzhen,256,3,通勤居住站,71984.23850574713,0.6541894044248161,0.2026600895394661,0.04929299725289087,0.06203906313315221
Chuangxin Central Road,257,1,郊区低频站点,7859.664750957854,0.7257770475474187,0.14950317075282993,0.07113311816313746,0.06743446331078456
East Huaxia Road,258,3,通勤居住站,43673.541187739465,0.691457185728883,0.20323792876272942,0.031449142305470364,0.04178863064910829
Chuansha,259,3,通勤居住站,66895.07279693487,0.7444130589688593,0.18437342029456136,0.03221975605092576,0.04647881804287097
Lingkong Road,260,1,郊区低频站点,12637.575670498085,0.7261059608194066,0.1888973517996992,0.02532862864573743,0.04914947745841913
Yuandong Avenue,261,1,郊区低频站点,7971.316091954023,1.216009164344692,0.1248032895070127,0.0484923092542501,0.07227101206487033
Haitian 3rd Road,262,1,郊区低频站点,6516.619731800766,0.5712446349948913,0.068759730628531,0.060943905517294665,0.14132972206093675
Pudong International Airport,263,3,通勤居住站,50336.65134099616,1.0980708825577754,0.0612608260827956,0.06615706055292736,0.07755552005931926
Shilong Road,312,2,休闲商圈站,36921.61398467433,0.6605238403436381,0.137446329070328,0.06898344404160447,0.09360755577599787
Caoxi Road,314,2,休闲商圈站,29882.862068965514,0.8052624488934317,0.08266413867471976,0.1006304778724579,0.11419171741765724
Dongbaoxing Road,325,3,通勤居住站,48517.54789272031,0.6846700253423964,0.07731484604566455,0.10584830282056554,0.1137913646212146
Chifeng Road,327,3,通勤居住站,56013.74425287356,0.811150541706635,0.10936981800370778,0.06845634439240302,0.07258961749713587
Dabaishu,328,0,就业办公站,75472.27011494254,0.5753769181805815,0.11486445007621039,0.07819281707786528,0.10190638015019772
Jiangwan Town,329,0,就业办公站,84571.23084291187,0.7179116552037222,0.15347364091775784,0.048882399921051665,0.06335048946145196
West Yingao Road,330,3,通勤居住站,67419.90038314176,0.6864386198658369,0.17096789607771076,0.03701737357849223,0.05506389564256018
South Changjiang Road,331,3,通勤居住站,57979.10823754789,0.616829812913101,0.16268087391946195,0.05490914631887387,0.0725194133236311
Songfa Road,332,2,休闲商圈站,23968.569923371648,0.5621218954128409,0.15429212864166622,0.06803688198268165,0.09298933317141106
Zhanghuabang,333,1,郊区低频站点,5705.617816091954,0.6748219364808373,0.12081552706545688,0.05728944088315761,0.08320646367516533
Songbin Road,334,2,休闲商圈站,32789.430076628356,0.6631940031242554,0.14940271054841842,0.04483476321333142,0.06761573241801835
Shuichan Road,335,2,休闲商圈站,25202.61877394636,0.6120841053240399,0.16323411370749946,0.04360302666548061,0.07080508353617136
Baoyang Road,336,2,休闲商圈站,26945.458812260535,0.7601136716578684,0.13874164462942068,0.040082555606937645,0.0809126970009501
Youyi Road,337,2,休闲商圈站,30793.084291187737,0.6182304637863074,0.13928618338565904,0.04701302733231748,0.07152654224429186
Tieli Road,338,1,郊区低频站点,10520.275862068966,0.47048786835940887,0.108033750616697,0.07058382044268581,0.07583331242733102
North Jiangyang Road,339,2,休闲商圈站,29264.278735632186,0.6643006745471696,0.18487787097602895,0.025636291014330407,0.04517518874286584
Lingping Road,413,3,通勤居住站,66161.0775862069,0.6812138095203325,0.12144629853159733,0.07224307061687318,0.08265360832247934
Yangshupu Road,415,3,通勤居住站,55917.63697318008,0.5218744176768263,0.10756582049819367,0.10013210225014935,0.12101977736405312
Pudong Avenue,416,0,就业办公站,76303.29022988505,0.4645486990366487,0.08385349674005524,0.1267529731170934,0.14265331250073646
Tangqiao,420,0,就业办公站,87369.43773946361,0.5964799296590123,0.10162945627909685,0.08044812659541203,0.10393639583354722
Nanpu Bridge,421,3,通勤居住站,49852.0316091954,0.7153811242398774,0.09283324714962536,0.09435170938014353,0.11412456277535961
Luban Road,423,0,就业办公站,75590.49616858238,0.6314183943066994,0.08504555802636132,0.10066285739201006,0.1193321679568997
Shanghai Stadium,426,0,就业办公站,83102.03544061302,0.7087032336950977,0.07793801258397927,0.10029920739377378,0.11457971043217308
Chunshen Road,502,2,休闲商圈站,18073.137931034486,0.5901327332945668,0.15166054542978655,0.05755982852454958,0.07295046309950139
Yindu Road,503,2,休闲商圈站,23826.721264367814,0.49538797095970893,0.11665730076018874,0.09731923198602703,0.1068883473195797
Zhuanqiao,505,3,通勤居住站,51996.053639846745,0.6469070153830992,0.12148582795927505,0.07476393232746402,0.0754270281433584
Beiqiao,507,3,通勤居住站,45606.60249042146,0.7666769298265533,0.15217127006608835,0.04837789187912752,0.06197592067988191
Jianchuan Road,508,2,休闲商圈站,33509.13218390805,0.7650971704384869,0.1388798292645111,0.058023183277866305,0.06736709932222607
Dongchuan Road,509,3,通勤居住站,59331.49712643678,0.7778250107285863,0.13722916182110068,0.05815034226739837,0.06220145663168374
Jingping Road,510,2,休闲商圈站,34490.05172413793,0.733730215821103,0.16086276276550773,0.03467516526759673,0.04922476700102791
Huaning Road,511,2,休闲商圈站,20801.530651340996,0.6242415348982202,0.15316718772412288,0.04069405567667487,0.05180046403161347
Wenjing Road,512,1,郊区低频站点,6685.511494252873,0.28856344680605955,0.07069251108112866,0.13757835404232577,0.15727901082973939
Minhang Development Zone,513,1,郊区低频站点,13651.343869731802,0.6955770100173698,0.13201192789905639,0.06181643230058294,0.08112209900535311
South Lingyan Road,622,2,休闲商圈站,29855.370689655174,0.6459862005245779,0.19341041601940312,0.0322138584970796,0.058433367395439806
Shangnan Road,623,2,休闲商圈站,27321.649425287353,0.622668294124835,0.16929197531779902,0.053025152957165755,0.06857743185121408
West Huaxia Road,624,2,休闲商圈站,22511.944444444445,0.5321891495379403,0.1665615745620412,0.03847834998075401,0.07669945958606257
Gaoqing Road,625,2,休闲商圈站,31842.88122605364,0.5873737295602277,0.20028672587447105,0.036200668416332134,0.06629390776220329
Dongming Road,626,2,休闲商圈站,32844.889846743295,0.6291950147962365,0.18090944169807402,0.0427455886041063,0.0745180350559207
Linyi Xincun,628,2,休闲商圈站,35428.5775862069,0.5459859259129223,0.12596407379140387,0.09068186082349189,0.10592342428059523
Shanghai Children's Medical Center,629,2,休闲商圈站,31679.179118773944,0.6242783999918278,0.11265113073982437,0.06142329136126667,0.09175006264485687
Yuanshen Sports Center,633,2,休闲商圈站,38297.63697318008,0.6277742738375685,0.06379825948776931,0.11039553767323099,0.11511248976458982
Minsheng Road,634,2,休闲商圈站,34405.44540229885,0.6943324301116414,0.10803717206600398,0.08307392405574772,0.09023433211056903
Beiyangjing Road,635,2,休闲商圈站,33278.27681992337,0.7054875504515729,0.11547295103011533,0.07016916524121951,0.08204672473160052
Deping Road,636,3,通勤居住站,49124.88026819924,0.7366648977100139,0.1455038392346335,0.051049717859513254,0.06541712962288622
Yunshan Road,637,3,通勤居住站,46566.14176245211,0.692252565196645,0.16357795219297683,0.04991370360163255,0.06205708744729003
Jinqiao Road,638,0,就业办公站,78499.14750957856,0.7591597550088964,0.11907563028082646,0.07781825852770755,0.08176068696926346
Boxing Road,639,3,通勤居住站,50917.54885057471,0.6937907142226248,0.18873672831291144,0.03537015332895401,0.052467820186000304
Wulian Road,640,3,通勤居住站,44850.16954022988,0.87357739836399,0.1617252884811048,0.04202469476249309,0.04849202108814604
Dongjing Road,642,2,休闲商圈站,28693.518199233717,0.6750403494386642,0.2150728583444184,0.026029401866664706,0.041550495818290366
Wuzhou Avenue,643,2,休闲商圈站,17932.595785440615,0.9801442248706462,0.14310873581550815,0.04660529733811201,0.06914971982461475
Zhouhai Road,644,2,休闲商圈站,25793.231800766283,0.7677549912177255,0.17160993491706572,0.0437030985090638,0.06211395884920515
South Waigaoqiao Free Trade Zone Station,645,2,休闲商圈站,21362.444444444445,0.44191453299134537,0.10172575355300818,0.10632203654535491,0.1362673746681058
Hangjin Road,646,2,休闲商圈站,26828.733716475093,0.6750846716452972,0.13109799474864814,0.0661341557647001,0.08683194816305168
North Waigaoqiao Free Trade Zone Station,647,2,休闲商圈站,18508.610153256705,0.555196676192785,0.12814829154968319,0.05779046881552925,0.09309779627656292
Gangcheng Road,648,2,休闲商圈站,18513.26915708812,0.7271599940664167,0.18475129701821744,0.030452944935511535,0.051389657306967367
Meilan Lake,721,3,通勤居住站,59412.956896551725,0.8448818530883735,0.1569704449112554,0.03375623665616349,0.05557613189320869
Luonan Xincun,722,2,休闲商圈站,33877.82088122606,0.6941909353303151,0.1840434527967852,0.025494979222900737,0.046993916577495645
Panguang Road,723,1,郊区低频站点,14000.983716475097,0.7694367737115226,0.1768671087150131,0.025735480425513754,0.05462650029429522
Liu Hang,724,2,休闲商圈站,34348.127394636016,0.69858140205523,0.19760042423436983,0.02320108009100084,0.045682531265186135
Gucun Park,725,3,通勤居住站,71727.84961685824,0.721110874531902,0.17553613599551746,0.03508799032197325,0.049319049492289366
Qihua Road,726,2,休闲商圈站,36526.22222222222,0.6750025476408846,0.2099379004276075,0.02214953892042944,0.04039372739120602
Shanghai University,727,3,通勤居住站,57347.55651340996,0.7957852764372316,0.16557183136843256,0.03814853595112016,0.04042730858250085
Nanchen Road,728,2,休闲商圈站,21381.64272030651,0.6800510432942266,0.17915077393553347,0.028296550872912444,0.048425346404610284
Shangda Road,729,2,休闲商圈站,29016.513409961688,0.5984356950926677,0.16573609905209138,0.058684699186882336,0.09913999074712604
Changzhong Road,730,3,通勤居住站,47839.59003831417,0.6975609683145721,0.1687966459758932,0.04092474925026287,0.06573952479220406
Dachang Town,731,2,休闲商圈站,30227.54214559387,0.6463864754623491,0.1519179483074505,0.07251312491062013,0.08976300745032859
Xingzhi Road,732,3,通勤居住站,69000.86877394636,0.6537361855217215,0.16220382930067878,0.05435412581505909,0.0679475603778899
Dahua San Road,733,0,就业办公站,77471.56513409963,0.7129638242421223,0.16471845429069654,0.03972945349199083,0.05600590234062756
Xincun Road,734,0,就业办公站,70098.48467432949,0.7221152785417733,0.13434344686591032,0.05681137271829133,0.07083774281249852
Langao Road,735,3,通勤居住站,51417.351532567045,0.6665243221326657,0.09455153552495058,0.1008485356133161,0.11596801896227958
Changping Road,738,0,就业办公站,81546.28448275862,0.5564634068485009,0.07204823780592759,0.11363645330432601,0.13490035477827925
Houtan,744,1,郊区低频站点,11381.367816091955,0.6036793739330982,0.10647861594667118,0.12040404040400662,0.1446615087040213
Changqing Road,745,3,通勤居住站,49911.72988505747,0.6814979561743052,0.1802814788813401,0.040182735250628134,0.0634488520930468
Yuntai Road,747,2,休闲商圈站,36230.31704980843,0.6692656395580171,0.15830604976183582,0.04551562425093135,0.0790345845706043
South Yanggao Road,749,3,通勤居住站,63556.86685823755,0.6346017445180434,0.18055416369462496,0.04901780468490309,0.074034163144436
Jinxiu Road,750,3,通勤居住站,67794.9377394636,0.7253708608406211,0.1878518799806696,0.041416225190760526,0.06602976875515108
Fanghua Road,751,3,通勤居住站,72334.29214559388,0.6904775815683347,0.1722519669892894,0.03826750839917793,0.07245542798944403
Huamu Road,753,3,通勤居住站,58528.03448275862,0.7274231368914426,0.03521633509892721,0.142209826380051,0.17253380151382153
Shendu Highway,820,0,就业办公站,139906.2327586207,0.7897654512268625,0.17639368811549788,0.029840987380606074,0.05203468570636624
Lianhang Road,821,3,通勤居住站,52033.14655172414,0.5541918595608942,0.1887908408215651,0.050508218455526124,0.06966594641049303
Jiangyue Road,822,3,通勤居住站,60813.43869731801,0.6154527088231402,0.150736890431074,0.06028378484786888,0.0736768977304501
Pujiang Town,823,3,通勤居住站,44351.708812260535,0.6111139874883158,0.12963902961214735,0.0854936704941122,0.10665690174363378
Luheng Road,824,3,通勤居住站,79414.24137931035,0.6794838916064443,0.19778898503068673,0.030356228548197414,0.04499716334501254
Lingzhao Xincun,825,2,休闲商圈站,25307.380268199235,0.7324438371700207,0.16696248316971235,0.043622899898295736,0.05866862244378558
Yangsi,827,3,通勤居住站,71315.2816091954,0.6907456342459658,0.18952488996106565,0.038393093246762454,0.05823033401111801
Chengshan Road,828,0,就业办公站,80233.43390804599,0.7928918194324438,0.16875244236779477,0.03753610948499825,0.06032403061151926
China Art Museum,830,2,休闲商圈站,48791.85440613027,1.804135120715217,0.047486658441711044,0.08553642942089008,0.09987383467151176
Great World,834,0,就业办公站,119755.70306513409,0.7271686933501585,0.04069848220484297,0.13261042963147146,0.14307957816369635
Zhongxing Road,837,3,通勤居住站,60841.56513409962,0.7465331155177953,0.12390582218051013,0.06519601595677217,0.07788118175936587
North Xizang Road,838,0,就业办公站,77648.16187739462,0.6908575277194098,0.12829987960861736,0.06575307324926,0.09267817606896564
Quyang Road,840,3,通勤居住站,68629.95881226053,0.7433698603205284,0.15744833476391884,0.05146557540880576,0.07116711335026343
Anshan Xincun,842,3,通勤居住站,52943.32950191571,0.8266260896899765,0.13581198990336327,0.058314779566465975,0.07243200559093381
Jiangpu Road,843,0,就业办公站,82383.46168582376,0.7454178494785481,0.09838952333974212,0.06615548101102614,0.09155066628295704
Huangxing Road,844,3,通勤居住站,61021.86685823755,0.761389076621225,0.150169378579898,0.04817855056478398,0.0674197893218543
Middle Yanji Road,845,3,通勤居住站,61323.03831417624,0.7505288670291247,0.16956624646525667,0.03958683146026918,0.06130062463078772
Huangxing Park,846,2,休闲商圈站,30327.65421455939,0.7371322908148911,0.14070622289328916,0.05647610449445382,0.08135655140420563
Xiangyin Road,847,3,通勤居住站,37476.3132183908,0.709433939017082,0.12926699352845997,0.05427297015043815,0.08090249088826544
Nenjiang Road,848,3,通勤居住站,48042.803639846745,0.7991127449587798,0.16604568644319329,0.03361856469372291,0.05076003266683183
Shiguang Road,849,3,通勤居住站,60806.50383141762,0.6886419987957499,0.18291302730428408,0.032338554765627844,0.0583735305472176
South Songjiang Railway Station,918,1,郊区低频站点,14846.822796934866,1.0598127892692568,0.09305068591806041,0.08555647557559942,0.08648476144883477
Zuibaichi,919,2,休闲商圈站,27016.73275862069,1.0069655953256162,0.13153974602838078,0.040525984464334454,0.06060765745167371
Songjiang Sports Center,920,3,通勤居住站,47379.92049808429,0.7734584762794736,0.1428262491577975,0.041814068178329576,0.05598442957553114
Songjiang New City,921,3,通勤居住站,45912.204980842915,0.8193031039369876,0.13455046558057987,0.04957672695795871,0.056573884875442036
Songjiang University Town,922,0,就业办公站,92592.34578544062,0.8278698850170971,0.14930190034708168,0.04617048776895737,0.049815392504911335
Dongjing,923,2,休闲商圈站,35497.33141762452,0.830456699248104,0.17325079887047157,0.044567107295983385,0.06110800697382364
Sheshan,924,0,就业办公站,89551.45881226053,0.7838842073842324,0.1934158976679181,0.03437974500549078,0.051677813355071094
Sijing,925,0,就业办公站,117997.97413793104,0.6763284592258677,0.20494848732019663,0.02783899174320734,0.03532523232588654
Jiuting,926,0,就业办公站,143560.46264367815,0.6493484288367104,0.17509390567735023,0.04793635745166348,0.057827638422541315
Zhongchun Road,927,2,休闲商圈站,31660.755747126437,0.5112408204469829,0.1312690505873634,0.08764963578479801,0.10129521110567039
Qibao,928,4,综合枢纽站,159955.65325670497,0.9477745102142113,0.113826140835259,0.06638167606316184,0.06852045559392815
Xingzhong Road,929,2,休闲商圈站,27392.02969348659,0.7568689052043408,0.1360267855830364,0.05549905002110899,0.06157421152731712
Hechuan Road,930,3,通勤居住站,76997.46264367815,0.42633555953204266,0.07548112655160168,0.1472700272156076,0.16354929623970763
Caohejing Hi-Tech Park,931,0,就业办公站,124470.02011494254,0.25689497178951176,0.0406778328625203,0.18183736852252222,0.21262262983999722
Guilin Road,932,0,就业办公站,114188.92432950193,0.45287346950316026,0.06678206570129638,0.13543599746941876,0.1557288493681326
Dapuqiao,937,4,综合枢纽站,164951.346743295,0.8402477426646219,0.04817708931958285,0.1017648552240438,0.10954695970411311
Xiaonanmen,940,3,通勤居住站,64914.21264367816,0.6354875777593659,0.09487010499066008,0.10253761735588554,0.11213282780769133
Shangcheng Road,941,0,就业办公站,127313.52681992338,0.6018886705557823,0.050675918165104056,0.13535381366723903,0.15360269726676376
Middle Yanggao Road,943,0,就业办公站,74051.3908045977,0.46516329736342193,0.11216454472441124,0.09674574918401312,0.12425380523158913
Hangzhong Road,1018,2,休闲商圈站,37366.14942528735,0.6177818629158597,0.19832269836427052,0.03172402684421708,0.06851666277179315
Ziteng Road,1019,1,郊区低频站点,12264.677203065134,0.490575409991027,0.10487665201097515,0.1080704548639564,0.13203465011566326
Longbai Xincun,1020,3,通勤居住站,53901.15996168583,0.6425952806540489,0.12198996149422138,0.07916195238693395,0.09289668626875253
Hongqiao Terminal 1,1043,2,休闲商圈站,24187.927203065134,0.6219194559970732,0.0543491641430858,0.10738803949083976,0.10785533151142221
Shanghai Zoo,1044,2,休闲商圈站,34616.7816091954,0.8917878219684477,0.11363120794508982,0.04344477359994456,0.09303077159164577
Longxi Road,1045,2,休闲商圈站,31089.082375478927,0.6535158747091815,0.11109722397495583,0.08648989286140964,0.1009031222596394
Shuicheng Road,1046,3,通勤居住站,51765.93486590039,0.7183876732103452,0.10119443322981483,0.084903970785986,0.09549799502778403
Yili Road,1047,3,通勤居住站,55326.81704980843,0.4182480197238461,0.050765183614984014,0.1549816121712492,0.17632941368801802
Songyuan Road,1048,3,通勤居住站,46639.16283524904,0.5251582125830844,0.09973025157872847,0.1071556999274741,0.12269532662482542
Shanghai Library,1051,3,通勤居住站,44605.60440613027,0.8620090700880618,0.06033226743046847,0.09850700352635643,0.1193196565289556
Yuyuan Garden,1055,0,就业办公站,114547.48946360152,0.9211796747895382,0.04368739301999039,0.12404056669067481,0.14142638298746132
North Sichuan Road,1058,3,通勤居住站,70187.13601532567,0.43793448852609623,0.056810735532318246,0.13915195762461494,0.16274116207015318
Youdian Xincun,1060,3,通勤居住站,44901.83716475096,0.6729791426127494,0.14405106135845167,0.06357710762026292,0.08895375388326435
Tongji University,1062,3,通勤居住站,58723.80363984674,0.7563077095666776,0.11528089476368555,0.08547839156663205,0.10560874448950575
Guoquan Road,1063,3,通勤居住站,53923.57183908046,0.6795312807661326,0.13755203043869207,0.07242470188286562,0.09636919321231635
Wujiaochang,1064,0,就业办公站,84717.97892720306,0.9756361152129858,0.09376942512840408,0.08190177372683875,0.09062061737933423
Jiangwan Stadium,1065,0,就业办公站,94336.44061302682,0.7933473600365112,0.10117736936307294,0.08938577727331917,0.10238253226815286
Sanmen Road,1066,2,休闲商圈站,19177.898467432948,0.4465565817852466,0.11332113967297738,0.10794573879047216,0.13873733662895885
East Yingao Road,1067,1,郊区低频站点,15155.920498084291,0.5821287470462789,0.16840668075930768,0.0567725534746637,0.09417726413539787
New Jiangwan City,1068,2,休闲商圈站,37876.50478927203,0.6542382945583887,0.16519925926888923,0.05362755594458939,0.08160861635717029
Huaqiao,1114,3,通勤居住站,44339.066091954024,0.92771708250232,0.157052169705032,0.0340373331125605,0.04875828421038035
Guangming Road,1115,2,休闲商圈站,19878.897509578543,0.9067708953501534,0.14841661954004537,0.043337468783190405,0.0520204522107022
Zhaofeng Road,1116,2,休闲商圈站,32516.1561302682,0.8602788494776601,0.155110853716208,0.04210015095861725,0.05021069858362676
Anting,1117,3,通勤居住站,46262.958812260535,0.9269062310943995,0.11167144086701858,0.06706845013743161,0.06730572884958706
Shanghai Automobile City,1118,2,休闲商圈站,17482.25,0.6279721256518499,0.10255254073620004,0.08523853986982967,0.08561571723606812
East Changji Road,1119,1,郊区低频站点,12930.735632183907,0.7034143268783795,0.1508463525945563,0.052836669644783646,0.04474943455757484
Shanghai Circuit,1120,1,郊区低频站点,12581.199233716474,1.1893125689224562,0.11299992630721782,0.0654259966943316,0.07271499857875784
North Jiading,1131,3,通勤居住站,71647.32950191571,0.8273859588586959,0.12560529753856298,0.05597546795065349,0.07088126378440604
West Jiading,1132,3,通勤居住站,44833.513409961684,0.7579654225372321,0.15666214029832257,0.04551504883289117,0.04617641147848482
Baiyin Road,1133,2,休闲商圈站,33449.94157088122,0.6487484677128617,0.16738737785341634,0.042319500406979085,0.05006137584722009
Jiading New City,1134,3,通勤居住站,54760.40900383142,0.6631137273383136,0.15902204349099602,0.0535145601238562,0.06010801146328725
Malu,1135,3,通勤居住站,42313.39942528736,0.724767318463892,0.18368231628621778,0.039054794584215215,0.04209237938978383
Nanxiang,1137,0,就业办公站,111467.09003831417,0.6885106689965667,0.16416758819645985,0.0500094997739694,0.059213648594796026
Taopu Xincun,1138,3,通勤居住站,65061.52107279694,0.7174045180502341,0.1827022262289239,0.036697067588208336,0.04648426113740272
Wuwei Road,1139,1,郊区低频站点,6808.156130268199,0.6281545040389379,0.09331433657252694,0.09429861530286128,0.09611853398657343
Qilianshan Road,1140,3,通勤居住站,47395.75,0.6331535784431963,0.11148073545069673,0.09241573634541327,0.10389261121726995
Liziyuan,1141,3,通勤居住站,59941.38409961686,0.6835564935728774,0.1504373474001872,0.06049864340380666,0.07176985702132432
Shanghai West Railway Station,1142,3,通勤居住站,70534.25287356321,0.6776459678407082,0.16913807806156014,0.04766888757953757,0.061637938095628675
Zhenru,1143,2,休闲商圈站,34832.26915708812,0.6775391742228816,0.14690527254719232,0.06196450863234997,0.0876247339167587
Fengqiao Road,1144,3,通勤居住站,56046.803639846745,0.6972251740680163,0.12024226416791146,0.07487453701599392,0.08422739910517181
Shanghai Swimming Center,1150,3,通勤居住站,45747.0622605364,0.7352291319511356,0.08060362124314442,0.11333105016511756,0.12214776941383924
Yunjin Road,1152,1,郊区低频站点,16111.246168582376,0.5601767752659328,0.0615425005844052,0.13755767743789113,0.1504601607595337
Longyao Road,1153,2,休闲商圈站,18017.299808429118,0.6404475852096818,0.14567215404402784,0.07073008092972327,0.09053658697049505
Sanlin,1155,3,通勤居住站,63298.032567049806,0.7474552836163664,0.18802027382347183,0.03521134253717259,0.049580220540237044
East Sanlin,1156,3,通勤居住站,42931.63888888889,0.6817909778625091,0.18865771238162554,0.03995831575956761,0.05537249854698986
Pusan Road,1157,2,休闲商圈站,36302.09003831418,0.6451818046697185,0.1767335747650708,0.046738866835779456,0.06701670560672207
Yuqiao,1159,3,通勤居住站,55733.79406130269,0.7109557650360475,0.15924903413742073,0.05882149908819296,0.07345332841429865
Xiuyan Road,1161,3,通勤居住站,47841.94061302682,0.7876226912864545,0.1965618383071834,0.02915253692171113,0.03797931269482276
Kangxin Highway,1162,2,休闲商圈站,25271.507662835247,0.7633051963241436,0.12383065608265499,0.09048482196802736,0.10867345875782425
Disney Resort,1163,2,休闲商圈站,46960.41187739464,1.428774556167406,0.02213105792202553,0.0830105620833453,0.13419490963566783
Qixin Road,1220,3,通勤居住站,54105.98180076628,0.5212573123795095,0.14175505638959793,0.07721190414154012,0.093963035949974
Hongxin Road,1221,2,休闲商圈站,21397.471264367818,0.6595157078914315,0.1858194028925463,0.036292953366118756,0.058973795559152734
Gudai Road,1222,2,休闲商圈站,27531.392720306514,0.6262427618247105,0.16815182112614252,0.03683551882195917,0.0590463618647607
Donglan Road,1223,2,休闲商圈站,24455.02203065134,0.70041129224114,0.1874798787561938,0.03703979298656474,0.06072262346596859
Hongmei Road,1224,2,休闲商圈站,47498.8908045977,0.35760025861533695,0.083087236040307,0.1496257212764105,0.14460633951538787
Hongcao Road,1225,3,通勤居住站,53365.74521072797,0.3776418809097161,0.07576751946913966,0.14682255596406307,0.1429764721748538
Guilin Park,1226,2,休闲商圈站,36377.977969348656,0.6991772155523271,0.11294530514363917,0.08877409150884338,0.10023201261240867
International Cruise Terminal,1238,2,休闲商圈站,34759.42816091954,0.42487750531607377,0.062034098933734974,0.1504309229550322,0.15605323371983934
Tilanqiao,1239,2,休闲商圈站,32449.93965517241,0.5092745054746487,0.07628774751480501,0.13220159758844935,0.14517842438412878
Jiangpu Park,1241,3,通勤居住站,51379.93965517241,0.6091587550663581,0.13888011157222518,0.06677806021928462,0.08325974493744238
Ningguo Road,1242,3,通勤居住站,67161.64463601532,0.6417391973387796,0.11575630671930871,0.08018160080859388,0.09960415306521013
Longchang Road,1243,3,通勤居住站,60349.43965517242,0.6282192085412642,0.13248869422954718,0.0751859537666501,0.09541511696761591
Aiguo Road,1244,3,通勤居住站,38319.154214559385,0.7481530976919336,0.16177633020007517,0.05078970532814258,0.06298289436627783
Fuxing Island,1245,1,郊区低频站点,4854.111111111111,0.6499357957549664,0.07881053180258446,0.0890600963677149,0.08692932606119559
Donglu Road,1246,2,休闲商圈站,39594.38122605364,0.6502171650708439,0.20683981937970033,0.02525331045609413,0.045286190240706806
North Yanggao Road,1248,2,休闲商圈站,32572.50478927203,0.7119117119653261,0.1834374086520636,0.03983936499341396,0.052409623190447556
Jinjing Road,1249,2,休闲商圈站,37614.971264367814,0.6687008058709669,0.16788889861808393,0.054253831539616194,0.06207379428558762
Shenjiang Road,1250,2,休闲商圈站,19523.058429118773,0.5428060924802287,0.11446222700753221,0.09756364228405982,0.10366018151760624
Jinyun Road,1321,0,就业办公站,113657.64272030653,0.6807927901313136,0.19673907656433237,0.031425553330874385,0.047682165420644324
West Jinshajiang Road,1322,2,休闲商圈站,24767.504789272032,0.5557826098362297,0.14742439348618974,0.07251626074157577,0.10689123106868541
Fengzhuang,1323,3,通勤居住站,50965.1245210728,0.6596295312028227,0.1827509474074403,0.040991301021441294,0.06548668150819706
South Qilianshan Road,1324,3,通勤居住站,63913.85823754789,0.6169228936526912,0.16052516087111843,0.06183302840488871,0.0858038236696623
Zhenbei Road,1325,0,就业办公站,82015.19636015326,0.5459478026938215,0.0733113132024739,0.12515692232360567,0.14981892672620417
Daduhe Road,1326,0,就业办公站,76156.03735632185,0.47151129411790826,0.09531854018375925,0.11500155747339262,0.14825219064875758
Wuning Road,1329,3,通勤居住站,56526.931992337166,0.5871459292452854,0.08463802727997885,0.10348815097133088,0.11923112763420604
Jiangning Road,1331,3,通勤居住站,60783.622605363984,0.5675034707926292,0.0778873995474662,0.12042582187308583,0.1325782161126239
Shanghai Natural History Museum,1333,2,休闲商圈站,29118.938697318008,0.8081998544407354,0.04621715863214782,0.12213073526859504,0.13769724729072946
World Expo Museum,1338,2,休闲商圈站,28835.84961685824,0.542905080512916,0.061744720407435436,0.1358960717030203,0.15062842515412997
Expo Avenue,1339,1,郊区低频站点,16480.895593869733,0.629507554276653,0.07699225643475803,0.131036380591484,0.14117029941389353
Middle Huaxia Road,1622,1,郊区低频站点,5818.450191570881,0.47932751973098453,0.058292464149639046,0.15892773241063826,0.13989104139720865
East Zhoupu,1624,3,通勤居住站,49631.3132183908,0.7382234103108488,0.15180251593820285,0.049845153559566036,0.06505238197705124
Hesha Hangcheng,1625,3,通勤居住站,50748.32183908046,0.6771136547263292,0.2126035126238589,0.020562440445514064,0.031450485596668944
Hangtou East,1626,1,郊区低频站点,13445.119731800765,0.6958834243816062,0.1995388459186705,0.026940207547807918,0.04287081230705079
Xinchang,1627,3,通勤居住站,39980.35153256705,0.837272160486067,0.15799936023395728,0.03764545329915368,0.049411193689853014
Shanghai Wild Animal Park,1628,2,休闲商圈站,27713.055555555555,0.9401014320273183,0.1436446973288881,0.037027553869654034,0.0680127495916876
Huinan,1629,3,通勤居住站,67980.90229885057,0.8665439101888401,0.13746512318194562,0.03397811834424106,0.0459131503439488
Huinan East,1630,1,郊区低频站点,8047.722222222223,0.6762595755513898,0.16777248377894288,0.016876374478451132,0.043196224480076935
Shuyuan,1631,2,休闲商圈站,17228.3275862069,0.9820534554850586,0.12911930642229247,0.03161488965568749,0.05061799504334577
Lingang Avenue,1632,1,郊区低频站点,11795.667624521073,1.153858437329908,0.07901795114758288,0.04602021478204357,0.0581240787534018
Dishui Lake,1633,2,休闲商圈站,21579.622605363984,1.181740726709571,0.06743996734885038,0.0497623913525129,0.0850011453266403
Zhongtan Road,2001,0,就业办公站,74439.76149425286,0.689457318779956,0.1610936395043723,0.05163949115492263,0.06957548149492897
South Xizang Road,2002,0,就业办公站,103844.6398467433,0.6274328749901,0.08553119891455782,0.07961866166981708,0.09954376873443777
Zhaojiabang Road,2003,0,就业办公站,100251.33333333334,0.4972643862417794,0.05642794905087968,0.1151698589150086,0.13964155738551673
Jufeng Road,2004,3,通勤居住站,56202.22701149425,0.6298385059172386,0.18554711086780878,0.04614254950235136,0.05924107115310195
Hongkou Football Stadium,2005,4,综合枢纽站,188953.5344827586,0.9077729968244705,0.0851401616133396,0.08812050565766708,0.09285332251000518
Dong'an Road,2006,0,就业办公站,94526.91666666667,0.5581359890109889,0.07510993174460018,0.06983541711931343,0.1026058903809172
Damuqiao Road,2007,3,通勤居住站,62325.65900383142,0.6531082699228444,0.10918647807724298,0.08026628004997172,0.09541595328820311
Laoximen,2008,0,就业办公站,92614.94731800766,0.7289363564058439,0.08131539496103754,0.0955720801203852,0.114031634465465
Jinshajiang Road,2009,4,综合枢纽站,169088.20306513412,0.917677605401824,0.09625276069359853,0.08368499899548461,0.08923955490684463
Century Avenue,2010,4,综合枢纽站,197492.32279693487,0.5557005531775856,0.08141037707385088,0.1163560785712359,0.11793347161265753
Xinzhuang,2011,4,综合枢纽站,242811.5603448276,0.7056247305264484,0.1517265743905154,0.05210709509080107,0.06735817722554252
Longhua,2012,0,就业办公站,86301.95593869733,0.6176659150292017,0.11249068478145392,0.07489118525828128,0.36388392731725183
Hongqiao Terminal 2,2013,0,就业办公站,81702.6245210728,0.775125155135429,0.10717206320318381,0.07166264472664585,0.1120377928544717
Hongqiao Railway Station,2014,4,综合枢纽站,301201.34386973176,1.098045664392708,0.06731532898140326,0.08477904774036663,0.08690269296195362
Lancun Road,2015,0,就业办公站,104968.46360153257,0.49592560638134475,0.09275605842264058,0.11741837562734064,0.13564480064857395
Yaohua Road,2016,0,就业办公站,99973.10823754789,0.9127722484278978,0.13814793907037642,0.05869908692194935,0.07179899582192113
Changshu Road,2017,0,就业办公站,114053.7816091954,0.5449323939815595,0.04994825243882914,0.11543079521799945,0.1286205599357814
Siping Road,2018,3,通勤居住站,64375.324712643676,0.6962044130090973,0.11730859870686434,0.0805905694201017,0.10612302858178185
East Nanjing Road,2019,4,综合枢纽站,361011.0028735632,0.9296088242370208,0.03629610534102178,0.11569230746771028,0.11466869167570551
Changshou Road,2020,0,就业办公站,126310.42241379312,0.6454917238061283,0.06919010000243234,0.10973919687081664,0.12588791838855223
Qufu Road,2021,0,就业办公站,90789.41475095785,0.9477297468399171,0.060077439719807765,0.0998426934329196,0.10564496344954387
Jinhai Road,2022,3,通勤居住站,57728.375478927206,0.7490480251753417,0.12036205951027407,0.08220695737715554,0.08970866760516666
West Gaoke Road,2023,3,通勤居住站,41951.668582375474,0.5867908838602428,0.14221999746677552,0.07226454848356537,0.09613083412712421
Zhenping Road,2024,0,就业办公站,119504.20689655171,0.6579030708198601,0.12816913234668045,0.07589113920255434,0.09164207695554649
Xujiahui,2025,4,综合枢纽站,373731.6819923372,0.8395886798800866,0.047030878413803934,0.1151359287185462,0.12251950369792697
Tiantong Road,2026,0,就业办公站,77164.67432950191,0.8347831687720688,0.04300913019942075,0.1257989648194888,0.14248187855155112
Shanghai South Railway Station,2027,4,综合枢纽站,255471.25862068965,0.9282291592743694,0.13903911192763602,0.05592365441841468,0.07325654040083039
South Huangpi Road,2028,4,综合枢纽站,163792.12452107278,0.7201007385533049,0.040456481146841826,0.12885173990870646,0.13305274623089827
Shanghai Indoor Stadium,2029,0,就业办公站,139576.47988505746,0.8236098773738127,0.06895622496546817,0.10937373418112734,0.10592312441310626
Baoshan Road,2030,3,通勤居住站,50017.958812260535,0.7530315213495619,0.0888667260874,0.08334792675280796,0.09489387377411357
Madang Road,2031,0,就业办公站,78026.74425287356,0.6096453496933214,0.0887151463334619,0.10574104274562751,0.11510943736410287
Dalian Road,2032,0,就业办公站,91964.2346743295,0.5160220845995449,0.088387636132785,0.10969488668575818,0.1331174549347223
Jiashan Road,2033,0,就业办公站,92732.27681992337,0.6493614592211563,0.08033150222940873,0.10329492954620147,0.11679321349702154
Shanghai Railway Station,2034,4,综合枢纽站,386900.75478927203,0.8784692520730277,0.08120501643197606,0.08864495288878324,0.15392535300246413
People's Square,2035,4,综合枢纽站,581432.6245210727,1.0152055720915452,0.0315444649511516,0.12070047852076823,0.10689067386356957
Lujiabang Road,2036,0,就业办公站,116836.84099616858,0.7023611383724858,0.08663017434108042,0.08313744885671619,0.10070188688492707
Jiaotong University,2037,0,就业办公站,97886.78639846743,0.7165262960223222,0.07656218868925038,0.10985769473525935,0.12402613468146302
Caobao Road,2038,0,就业办公站,121737.39655172414,0.6655768731767536,0.10167844363246391,0.08966324699083081,0.10557643028907113
Hanzhong Road,2039,0,就业办公站,113320.12835249043,0.3966542643671224,0.054478492403859366,0.14306497118705427,0.16013806386498525
Oriental Sports Center,2040,2,休闲商圈站,22316.194444444445,0.8065404715004003,0.11521306035446674,0.0866586734971796,0.09098951804819895
West Nanjing Road,2041,4,综合枢纽站,384331.14559386973,0.6161425544094434,0.04385709309189606,0.13284964991680945,0.19146520229324007
Luoshan Road,2042,1,郊区低频站点,17535.969348659004,0.5551475897340757,0.09872258676849824,0.11832339177274971,0.12148129924565687
Zhongshan Park,2043,4,综合枢纽站,321592.8477011494,0.8578951242581985,0.073802078259563,0.0992331130241322,0.1015145739907859
Hongqiao Road,2044,0,就业办公站,111690.34961685824,0.5355371718205423,0.08126176471111791,0.11292666572176788,0.12520758636026982
Longhua Middle Road,2045,0,就业办公站,75740.01245210727,0.596233475877371,0.06463123841085464,0.1311064820294261,0.14911366236634885
West Yan'an Road,2046,0,就业办公站,96553.54501915709,0.5413338335234276,0.07226993058202855,0.128323171027489,0.1414006794353908
Hailun Road,2047,0,就业办公站,92254.60344827587,0.6140437472864323,0.0904498211869564,0.10718739045899213,0.12061301235572752
Longcao Road,2048,0,就业办公站,115441.65421455938,0.6095158413819083,0.13814934001840362,0.07493488475925515,0.09580900338375123
Pudian Road,2049,0,就业办公站,142108.683908046,0.2889304314927387,0.044913033733734974,0.1704911234960793,0.18588164198101678
Jing'an Temple,2050,4,综合枢纽站,353249.9913793104,0.6811268707290794,0.041823673359755995,0.12726005926322556,0.1297171378063329
Yishan Road,2051,4,综合枢纽站,187626.68199233717,0.5853392159521166,0.056874462590058864,0.13425948919799324,0.14239533246209307
Longyang Road,2052,4,综合枢纽站,176998.61398467433,0.7607261370421039,0.12076059294779504,0.08380942670645483,0.07719029286998935
Xintiandi,2053,0,就业办公站,91487.54980842912,0.8515188995154838,0.05454827133862213,0.11093557182661398,0.11412773330356875
Jiangsu Road,2054,4,综合枢纽站,171622.0622605364,0.5169620744904275,0.07472710863773556,0.12328914289908387,0.13045650103177517
Caoyang Road,2055,4,综合枢纽站,155058.316091954,0.6025183872836999,0.09797707754166594,0.09380136403997467,0.1135300534518361
South Shaanxi Road,2056,4,综合枢纽站,260283.01245210727,0.809575035913079,0.0460796167683271,0.11086284491528496,0.11321207676686856
Longde Road,2057,3,通勤居住站,58211.91475095786,0.5954031474153746,0.10615931840864298,0.09693780309828524,0.12025378685635936
