stationID,总进站量,name,中文名
2035,18001188,People's Square,人民广场
2025,11944714,Xujiahui,徐家汇
2050,11893385,Jing'an Temple,静安寺
2019,11388442,East Nanjing Road,南京东路
2043,10338513,Zhongshan Park,中山公园
2041,10044648,West Nanjing Road,南京西路
2034,9884041,Shanghai Railway Station,上海火车站
247,9789529,Lujiazui,陆家嘴
2014,9140069,Hongqiao Railway Station,虹桥火车站
2056,8425592,South Shaanxi Road,陕西南路
2027,8023114,Shanghai South Railway Station,上海南站
2011,8018084,Xinzhuang,莘庄
2010,6828632,Century Avenue,世纪大道
2051,6406513,Yishan Road,宜山路
113,6204227,Lianhua Road,莲花路
2054,6070323,Jiangsu Road,江苏路
237,5959718,Songhong Road,淞虹路
2005,5933375,Hongkou Football Stadium,虹口足球场
240,5851432,Loushanguan Road,娄山关路
2052,5699562,Longyang Road,龙阳路
2028,5502979,South Huangpi Road,黄陂南路
2049,5437572,Pudian Road,浦电路
2055,5358302,Caoyang Road,曹杨路
2009,5340670,Jinshajiang Road,金沙江路
254,5314304,Jinke Road,金科路
937,5278529,Dapuqiao,打浦桥
234,5201489,East Xujing,徐泾东
928,4970203,Qibao,七宝
926,4817337,Jiuting,九亭
248,4800427,Dongchang Road,东昌路
931,4768840,Caohejing Hi-Tech Park,漕河泾开发区
255,4590310,Guanglan Road,广兰路
820,4532929,Shendu Highway,沈杜公路
2029,4475378,Shanghai Indoor Stadium,上海体育馆
941,4319250,Shangcheng Road,商城路
131,4287299,Pengpu Xincun,彭浦新村
2020,4254994,Changshou Road,长寿路
2039,4209317,Hanzhong Road,汉中路
2038,4134271,Caobao Road,漕宝路
932,4060739,Guilin Road,桂林路
253,4053702,Zhangjiang Hi-Tech Park,张江高科
2024,4043910,Zhenping Road,镇坪路
128,4017156,Yanchang Road,延长路
2048,3984388,Longcao Road,龙漕路
2017,3959787,Changshu Road,常熟路
834,3929804,Great World,大世界
925,3920658,Sijing,泗泾
2044,3888939,Hongqiao Road,虹桥路
2036,3859991,Lujiabang Road,陆家浜路
1321,3839541,Jinyun Road,金运路
1137,3722066,Nanxiang,南翔
2015,3713762,Lancun Road,蓝村路
133,3672846,Tonghe Xincun,通河新村
1055,3585692,Yuyuan Garden,豫园
2003,3531848,Zhaojiabang Road,肇嘉浜路
2002,3512874,South Xizang Road,西藏南路
132,3436881,Gongkang Road,共康路
2046,3407333,West Yan'an Road,延安西路
2006,3269911,Dong'an Road,东安路
2032,3234710,Dalian Road,大连路
129,3229219,Shanghai Circus City,上海马戏城
2037,3227844,Jiaotong University,交通大学
2047,3176896,Hailun Road,海伦路
2033,3159185,Jiashan Road,嘉善路
2016,3127336,Yaohua Road,耀华路
130,3082731,Wenshui Road,汶水路
1065,3039868,Jiangwan Stadium,江湾体育场
2008,3037731,Laoximen,老西门
420,2985123,Tangqiao,塘桥
135,2975562,Gongfu Xincun,共富新村
922,2962912,Songjiang University Town,松江大学城
2053,2942135,Xintiandi,新天地
239,2904293,Weining Road,威宁路
924,2890893,Sheshan,佘山
1325,2871525,Zhenbei Road,真北路
2021,2842550,Qufu Road,曲阜路
329,2814785,Jiangwan Town,江湾镇
738,2810294,Changping Road,昌平路
930,2761352,Hechuan Road,合川路
416,2747230,Pudong Avenue,浦东大道
426,2741018,Shanghai Stadium,上海体育场
1326,2735940,Daduhe Road,大渡河路
114,2704333,Jinjiang Amusement Park,锦江乐园
843,2684940,Jiangpu Road,江浦路
2031,2675248,Madang Road,马当路
238,2661816,Beixinjing,北新泾
824,2648776,Luheng Road,芦恒路
2045,2631190,Longhua Middle Road,龙华中路
943,2625568,Middle Yanggao Road,杨高中路
1064,2619590,Wujiaochang,五角场
328,2616628,Dabaishu,大柏树
138,2588817,Fujin Road,富锦路
828,2586208,Chengshan Road,成山路
838,2569747,North Xizang Road,西藏北路
638,2555193,Jinqiao Road,金桥路
423,2547160,Luban Road,鲁班路
733,2545237,Dahua San Road,大华三路
127,2535932,Zhongshan North Road,中山北路
2001,2526382,Zhongtan Road,中潭路
1058,2511536,North Sichuan Road,四川北路
2026,2480551,Tiantong Road,天潼路
256,2414846,Tangzhen,唐镇
250,2405570,Shanghai Science and Technology Museum,上海科技馆
751,2394079,Fanghua Road,芳华路
2013,2389300,Hongqiao Terminal 2,虹桥2号航站楼
827,2367515,Yangsi,杨思
1142,2365038,Shanghai West Railway Station,上海西站
725,2350851,Gucun Park,顾村公园
1131,2309987,North Jiading,嘉定北
732,2307222,Xingzhi Road,行知路
734,2301796,Xincun Road,新村路
1242,2300157,Ningguo Road,宁国路
330,2260698,West Yingao Road,殷高西路
413,2239917,Lingping Road,临平路
840,2237606,Quyang Road,曲阳路
750,2224300,Jinxiu Road,锦绣路
1324,2199827,South Qilianshan Road,祁连山南路
259,2199364,Chuansha,川沙
940,2181827,Xiaonanmen,小南门
1331,2165265,Jiangning Road,江宁路
1629,2164382,Huinan,惠南
1138,2153833,Taopu Xincun,桃浦新村
749,2134812,South Yanggao Road,杨高南路
2018,2129509,Siping Road,四平路
1155,2118830,Sanlin,三林
2007,2118543,Damuqiao Road,大木桥路
1225,2097258,Hongcao Road,虹漕路
136,2079327,Bao'an Highway,宝安公路
1243,2073771,Longchang Road,隆昌路
822,2063555,Jiangyue Road,江月路
251,2036335,Century Park,世纪公园
1141,2008131,Liziyuan,李子园
849,2007346,Shiguang Road,市光路
1047,1997044,Yili Road,伊犁路
845,1991145,Middle Yanji Road,延吉中路
2057,1989608,Longde Road,隆德路
1220,1989456,Qixin Road,七莘路
331,1985674,South Changjiang Road,长江南路
837,1982343,Zhongxing Road,中兴路
844,1978098,Huangxing Road,黄兴路
415,1967573,Yangshupu Road,杨树浦路
1329,1966387,Wuning Road,武宁路
509,1925317,Dongchuan Road,东川路
753,1924337,Huamu Road,花木路
2022,1917752,Jinhai Road,金海路
1062,1912117,Tongji University,同济大学
2004,1904404,Jufeng Road,巨峰路
721,1885580,Meilan Lake,美兰湖
1159,1875387,Yuqiao,御桥
1224,1874315,Hongmei Road,虹梅路
1144,1868605,Fengqiao Road,枫桥路
727,1850062,Shanghai University,上海大学
1134,1834751,Jiading New City,嘉定新城
327,1820427,Chifeng Road,赤峰路
1020,1812832,Longbai Xincun,龙柏新村
821,1807235,Lianhang Road,联航路
1063,1789503,Guoquan Road,国权路
112,1788784,Waihuanlu,外环路
1241,1774914,Jiangpu Park,江浦公园
505,1748561,Zhuanqiao,颛桥
1323,1734126,Fengzhuang,丰庄
124,1732153,Xinzha Road,新闸路
735,1715855,Langao Road,岚皋路
1625,1711900,Hesha Hangcheng,鹤沙航城
1046,1706982,Shuicheng Road,水城路
842,1688995,Anshan Xincun,鞍山新村
639,1683997,Boxing Road,博兴路
2030,1671941,Baoshan Road,宝山路
745,1656067,Changqing Road,长清路
325,1654173,Dongbaoxing Road,东宝兴路
421,1648266,Nanpu Bridge,南浦大桥
1624,1639491,East Zhoupu,周浦东
1048,1624246,Songyuan Road,宋园路
134,1622180,Hulan Road,呼兰路
1140,1612532,Qilianshan Road,祁连山路
636,1609794,Deping Road,德平路
1161,1581999,Xiuyan Road,秀沿路
730,1577967,Changzhong Road,场中路
637,1541781,Yunshan Road,云山路
848,1538010,Nenjiang Road,嫩江路
920,1533379,Songjiang Sports Center,松江体育中心
263,1527288,Pudong International Airport,浦东国际机场
823,1507635,Pujiang Town,浦江镇
1150,1506652,Shanghai Swimming Center,上海游泳馆
1060,1492350,Youdian Xincun,邮电新村
507,1486808,Beiqiao,北桥
921,1470007,Songjiang New City,松江新城
1132,1462985,West Jiading,嘉定西
1156,1462390,East Sanlin,三林东
258,1455501,East Huaxia Road,华夏东路
2012,1449776,Longhua,龙华
1117,1448055,Anting,安亭
2023,1432287,West Gaoke Road,高科西路
1051,1418755,Shanghai Library,上海图书馆
640,1415074,Wulian Road,五莲路
1114,1405409,Huaqiao,花桥
1135,1394956,Malu,马陆
1163,1365639,Disney Resort,迪士尼
1246,1351199,Donglu Road,东陆路
830,1319363,China Art Museum,中华艺术宫
633,1294013,Yuanshen Sports Center,源深体育中心
1627,1293836,Xinchang,新场
1238,1279386,International Cruise Terminal,国际客运中心
1244,1279174,Aiguo Road,爱国路
1249,1277528,Jinjing Road,金京路
1226,1274613,Guilin Park,桂林公园
1068,1265096,New Jiangwan City,新江湾城
1018,1265025,Hangzhong Road,航中路
1157,1246167,Pusan Road,浦三路
312,1242623,Shilong Road,石龙路
847,1233195,Xiangyin Road,翔殷路
119,1232648,Hengshan Road,衡山路
628,1224452,Linyi Xincun,临沂新村
726,1211043,Qihua Road,祁华路
747,1206132,Yuntai Road,云台路
1143,1169132,Zhenru,真如
1239,1159355,Tilanqiao,提篮桥
634,1141217,Minsheng Road,民生路
923,1133530,Dongjing,洞泾
510,1132926,Jingping Road,金平路
724,1127360,Liu Hang,刘行
1133,1126400,Baiyin Road,白银路
722,1109187,Luonan Xincun,罗南新村
626,1107447,Dongming Road,东明路
927,1105182,Zhongchun Road,中春路
334,1103350,Songbin Road,淞滨路
635,1100240,Beiyangjing Road,北洋泾路
1248,1093164,North Yanggao Road,杨高北路
1044,1092525,Shanghai Zoo,上海动物园
508,1089917,Jianchuan Road,剑川路
625,1086171,Gaoqing Road,高青路
629,1072013,Shanghai Children's Medical Center,上海儿童医学中心
337,1052426,Youyi Road,友谊路
1045,1045651,Longxi Road,龙溪路
1116,1038199,Zhaofeng Road,兆丰路
1338,1030070,World Expo Museum,世博会博物馆
622,1012868,South Lingyan Road,灵岩南路
731,1010958,Dachang Town,大场镇
846,989723,Huangxing Park,黄兴公园
729,984650,Shangda Road,上大路
1333,979499,Shanghai Natural History Museum,自然博物馆
1222,978378,Gudai Road,顾戴路
339,974881,North Jiangyang Road,江杨北路
314,963585,Caoxi Road,漕溪路
642,954056,Dongjing Road,东靖路
623,930871,Shangnan Road,上南路
929,890804,Xingzhong Road,星中路
646,890470,Hangjin Road,航津路
336,888382,Baoyang Road,宝杨路
1628,872903,Shanghai Wild Animal Park,野生动物园
1322,866750,West Jinshajiang Road,金沙江西路
335,863593,Shuichan Road,水产路
1043,858129,Hongqiao Terminal 1,虹桥1号航站楼
1223,847263,Donglan Road,东兰路
1162,839896,Kangxin Highway,康新公路
503,836946,Yindu Road,银都路
644,833576,Zhouhai Road,洲海路
332,832840,Songfa Road,淞发路
825,830975,Lingzhao Xincun,凌兆新村
919,830402,Zuibaichi,醉白池
624,781962,West Huaxia Road,华夏西路
645,761791,South Waigaoqiao Free Trade Zone Station,外高桥保税区南站
1221,752491,Hongxin Road,虹莘路
137,732424,West Youyi Road,友谊西路
2040,731312,Oriental Sports Center,东方体育中心
728,709796,Nanchen Road,南陈路
511,705871,Huaning Road,华宁路
1250,687768,Shenjiang Road,申江路
1066,684154,Sanmen Road,三门路
1633,646979,Dishui Lake,滴水湖
647,635337,North Waigaoqiao Free Trade Zone Station,外高桥保税区北站
1115,627703,Guangming Road,光明路
502,616049,Chunshen Road,春申路
1153,614336,Longyao Road,龙耀路
2042,611084,Luoshan Road,罗山路
648,605992,Gangcheng Road,港城路
1118,592483,Shanghai Automobile City,上海汽车城
1339,570176,Expo Avenue,世博大道
1152,569744,Yunjin Road,云锦路
643,561493,Wuzhou Avenue,五洲大道
1631,533882,Shuyuan,书院
1067,516756,East Yingao Road,殷高东路
1626,451345,Hangtou East,航头东
723,450762,Panguang Road,潘广路
513,450579,Minhang Development Zone,闵行开发区
918,449404,South Songjiang Railway Station,松江南站
1019,432981,Ziteng Road,紫藤路
1119,427493,East Changji Road,昌吉东路
260,418107,Lingkong Road,凌空路
744,387529,Houtan,后滩
338,380212,Tieli Road,铁力路
1120,377993,Shanghai Circuit,上海赛车场
1632,358292,Lingang Avenue,临港大道
1630,272839,Huinan East,惠南东
257,259017,Chuangxin Central Road,创新中路
512,253283,Wenjing Road,文井路
261,236454,Yuandong Avenue,远东大道
1139,232204,Wuwei Road,武威路
262,224913,Haitian 3rd Road,海天三路
1622,206118,Middle Huaxia Road,华夏中路
333,192083,Zhanghuabang,张华浜
1245,166343,Fuxing Island,复兴岛
