datetime,真实客流,普通ARIMA预测,季节SARIMA预测,上周同时刻基线
2017-08-25 06:00,1834,502.0259759551676,1579.493367649393,1804
2017-08-25 07:00,6322,1296.9944877857288,5193.7726079099975,6357
2017-08-25 08:00,6609,1692.5296142124141,5452.140822040863,6686
2017-08-25 09:00,2173,1677.1667935534183,1837.6804684960678,2009
2017-08-25 10:00,926,1565.624558319366,988.7487933322236,1044
2017-08-25 11:00,866,1459.5330799495082,798.9967668888353,813
2017-08-25 12:00,792,1382.2533795430425,842.298167876565,897
2017-08-25 13:00,679,1332.016140915511,721.9190089220037,753
2017-08-25 14:00,624,1301.3847005348011,619.7946229279453,635
2017-08-25 15:00,724,1283.4674165839424,650.2269972748677,648
2017-08-25 16:00,876,1273.2907876975883,849.1476589048012,977
2017-08-25 17:00,1144,1267.6372635192556,991.338980402058,1143
2017-08-25 18:00,820,1264.5508288025371,738.2028262168243,857
2017-08-25 19:00,497,1262.8896840571883,494.1099443623983,524
2017-08-25 20:00,365,1262.0062848890743,378.49102081871195,447
2017-08-25 21:00,260,1261.5413120636056,262.20034072165356,260
2017-08-25 22:00,102,1261.2987852491938,67.14240074262575,94
2017-08-26 06:00,998,1261.1733080125928,1597.1925164189693,1030
2017-08-26 07:00,1754,1261.1088674288692,4889.426888215149,1771
2017-08-26 08:00,2186,1261.0759983516118,5173.850280059009,2149
2017-08-26 09:00,1655,1261.0593398159856,1787.8174914619174,1761
2017-08-26 10:00,1497,1261.0509481229165,982.1936985735217,1306
2017-08-26 11:00,1179,1261.046745406671,806.7946496942843,1107
2017-08-26 12:00,1309,1261.0446525004866,857.6303578118209,1170
2017-08-26 13:00,1186,1261.043616044604,730.3735905513688,1044
2017-08-26 14:00,1038,1261.0431056007549,636.4479523046912,983
2017-08-26 15:00,954,1261.0428556069814,663.8378320239894,828
2017-08-26 16:00,1046,1261.0427338608597,858.8661455339095,957
2017-08-26 17:00,930,1261.0426749144478,963.5831852554829,806
2017-08-26 18:00,814,1261.042646546028,730.5057390363196,856
2017-08-26 19:00,547,1261.0426329800737,493.1682853078242,596
2017-08-26 20:00,478,1261.0426265365968,381.03056433026126,470
2017-08-26 21:00,385,1261.0426234984625,251.83990027470972,358
2017-08-26 22:00,107,1261.0426220774357,69.59755437467265,94
2017-08-27 06:00,804,1261.0426214187084,1601.4769191438497,769
2017-08-27 07:00,1486,1261.042621116441,4815.754439459776,1351
2017-08-27 08:00,1667,1261.042620979366,5106.484963688457,1602
2017-08-27 09:00,1518,1261.0426209180669,1775.7472457425997,1444
2017-08-27 10:00,1276,1261.0426208911183,980.6069179768326,1252
2017-08-27 11:00,1026,1261.042620879524,808.6822698716306,1055
2017-08-27 12:00,1107,1261.042620874676,861.341794852715,1021
2017-08-27 13:00,1022,1261.0426208727283,732.4201766918349,782
2017-08-27 14:00,929,1261.042620871992,640.479195314598,732
2017-08-27 15:00,851,1261.042620871742,667.1325835538553,792
2017-08-27 16:00,873,1261.0426208716751,861.2186829997913,834
2017-08-27 17:00,785,1261.0426208716704,956.8643873119752,737
2017-08-27 18:00,731,1261.0426208716817,728.6425182838146,725
2017-08-27 19:00,603,1261.0426208716942,492.9403395081832,545
2017-08-27 20:00,426,1261.0426208717038,381.6453072923252,391
2017-08-27 21:00,316,1261.0426208717101,249.33196614415573,254
2017-08-27 22:00,63,1261.042620871714,70.19186922268477,65
2017-08-28 06:00,2125,1261.0426208717163,1602.514037196677,1977
2017-08-28 07:00,6865,1261.0426208717176,4797.920675570946,4443
2017-08-28 08:00,6795,1261.0426208717183,5090.177956567818,8807
2017-08-28 09:00,1942,1261.0426208717188,1772.8254219689222,1981
2017-08-28 10:00,932,1261.042620871719,980.2228087069115,937
2017-08-28 11:00,750,1261.042620871719,809.1392028652164,814
2017-08-28 12:00,796,1261.0426208717192,862.2402160806471,790
2017-08-28 13:00,649,1261.0426208717192,732.9155903047096,661
2017-08-28 14:00,506,1261.0426208717192,641.4550314274425,498
2017-08-28 15:00,586,1261.0426208717192,667.9301384315422,586
2017-08-28 16:00,935,1261.0426208717192,861.788157727657,917
2017-08-28 17:00,1129,1261.0426208717192,955.2379793648314,1107
2017-08-28 18:00,929,1261.0426208717192,728.191491617343,825
2017-08-28 19:00,544,1261.0426208717192,492.8851610576372,467
2017-08-28 20:00,353,1261.0426208717192,381.7941170715979,350
2017-08-28 21:00,238,1261.0426208717192,248.72487481098244,232
2017-08-28 22:00,77,1261.0426208717192,70.33573400326601,82
2017-08-29 06:00,1933,1261.0426208717192,1602.7650905930475,1998
2017-08-29 07:00,6632,1261.0426208717192,4793.603686794061,6712
2017-08-29 08:00,6662,1261.0426208717192,5086.230547195169,6736
2017-08-29 09:00,1967,1261.0426208717192,1772.118141076474,2087
2017-08-29 10:00,918,1261.0426208717192,980.1298280317335,901
2017-08-29 11:00,729,1261.0426208717192,809.2498118548494,792
2017-08-29 12:00,779,1261.0426208717192,862.457695373413,824
2017-08-29 13:00,681,1261.0426208717192,733.0355142321557,700
2017-08-29 14:00,545,1261.0426208717192,641.6912504092282,532
2017-08-29 15:00,615,1261.0426208717192,668.1232011791141,602
2017-08-29 16:00,845,1261.0426208717192,861.926009502764,844
2017-08-29 17:00,1016,1261.0426208717192,954.8442775698417,1099
2017-08-29 18:00,695,1261.0426208717192,728.0823123622305,765
2017-08-29 19:00,425,1261.0426208717192,492.87180410432,459
2017-08-29 20:00,329,1261.0426208717192,381.8301392008027,357
2017-08-29 21:00,194,1261.0426208717192,248.5779172484516,245
2017-08-29 22:00,50,1261.0426208717192,70.37055910508018,73
2017-08-30 06:00,1883,1261.0426208717192,1602.825862660082,1838
2017-08-30 07:00,6433,1261.0426208717192,4792.55868069126,6668
2017-08-30 08:00,6868,1261.0426208717192,5085.275004547765,6673
2017-08-30 09:00,2127,1261.0426208717192,1771.9469307983838,2089
2017-08-30 10:00,974,1261.0426208717192,980.1073203584396,968
2017-08-30 11:00,807,1261.0426208717192,809.2765867841266,849
2017-08-30 12:00,944,1261.0426208717192,862.5103402145093,798
2017-08-30 13:00,731,1261.0426208717192,733.0645440125259,702
2017-08-30 14:00,558,1261.0426208717192,641.7484315348512,544
2017-08-30 15:00,645,1261.0426208717192,668.1699355488016,623
2017-08-30 16:00,850,1261.0426208717192,861.9593790466091,821
2017-08-30 17:00,1078,1261.0426208717192,954.7489748484978,1050
2017-08-30 18:00,682,1261.0426208717192,728.0558835263478,820
2017-08-30 19:00,480,1261.0426208717192,492.8685708094349,453
2017-08-30 20:00,371,1261.0426208717192,381.83885901611853,399
2017-08-30 21:00,226,1261.0426208717192,248.54234348219123,239
2017-08-30 22:00,62,1261.0426208717192,70.37898915801924,83
2017-08-31 06:00,2010,1261.0426208717192,1602.8405736505927,1857
2017-08-31 07:00,6670,1261.0426208717192,4792.305717848099,6636
2017-08-31 08:00,6678,1261.0426208717192,5085.043697970512,6636
2017-08-31 09:00,2083,1261.0426208717192,1771.9054862186747,2050
2017-08-31 10:00,1051,1261.0426208717192,980.1018719643928,1017
2017-08-31 11:00,845,1261.0426208717192,809.2830681455438,767
2017-08-31 12:00,908,1261.0426208717192,862.5230838613126,779
2017-08-31 13:00,692,1261.0426208717192,733.0715712018973,687
2017-08-31 14:00,606,1261.0426208717192,641.762273272305,551
2017-08-31 15:00,694,1261.0426208717192,668.181248457882,594
2017-08-31 16:00,915,1261.0426208717192,861.9674567551157,809
2017-08-31 17:00,1045,1261.0426208717192,954.725905081453,1106
2017-08-31 18:00,706,1261.0426208717192,728.0494859431677,770
2017-08-31 19:00,459,1261.0426208717192,492.86778813126233,498
2017-08-31 20:00,343,1261.0426208717192,381.84096980692465,368
2017-08-31 21:00,212,1261.0426208717192,248.53373220132787,305
2017-08-31 22:00,39,1261.0426208717192,70.38102980654152,57
